feature,rho_mean_p_median,rho_mean_p_min,rho_mean_p_max,rho_nontrap_p_median,rho_trap_rate_median,top10_mean,bottom10_mean
gs_n_edge,-0.7678669417876773,-0.8823536663564561,-0.6229655789762569,-0.7739460381458658,-0.072167899346018,0.7371031746031746,4.686321924603175
cav_type_hi,-0.6743321102240716,-0.7459187656241311,-0.5950498247396995,-0.6963438214808606,-0.07121219750289773,0.7220362103174603,2.673797123015873
cav_type_lo,-0.5173606824374162,-0.8126299501880878,-0.3475259410561145,-0.5245678912703113,-0.05439589759398783,0.015066964285714286,2.0125248015873014
gs_cav_from_majority_extreme,-0.2912185299923835,-0.35687123444911867,-0.13872572643608275,-0.31831140813288034,-0.0940119937728473,4.659350198412699,5.991071428571429
e1_n_adjacent_gs,-0.24853899283559444,-0.4914319809007899,-0.1646247542643069,-0.25432331781477374,-0.05282897386000813,4.471602182539683,5.239211309523809
gs_basin_frac,-0.18313232324992262,-0.4755791011962128,0.009064531894719117,-0.17897542386717213,0.016021423934182974,0.028528122674851192,0.033814687577504964
fdc,-0.15488682875592596,-0.24629030087497691,0.05815639225898521,-0.15515066906292696,-0.06488425944396294,-0.13654263047476098,-0.07082235357149219
mean_E_low_photon,-0.0953324156641755,-0.16047168890091953,0.10901736827801906,-0.10639812078563349,-0.07182207253161747,1.1194710607820364,1.1245432878435926
gs_nmin,-0.06154673428621325,-0.8300697566370555,0.22520866193409236,-0.045244023671054456,0.07839144457020843,1.7470238095238095,3.4137524801587302
deg_on_lsb,-0.04649591918862252,-0.2765033517720342,0.039050042984646115,-0.06508900673436616,-0.0176873287253705,19.93967013888889,19.79482886904762
J_within_cavity,-0.04105264656124853,-0.15328224049645922,0.1504316406503146,-0.030573028502126683,0.05051777074839178,24.551525297619047,24.178199404761905
gs_transmon_ones,-0.04055039424597165,-0.13568631721914978,0.4351233918009811,-0.04983286973929461,-0.048633668163671075,1.3069816468253967,1.3093377976190477
clauses_spanning_both_cavities,-0.008177488710441824,-0.1483777646957983,0.07961242128140777,-0.008360642220442239,0.011104513500395884,16.146639384920636,16.33265128968254
J_d_e,0.0021732549779303416,-0.06558515241159737,0.11186089088443242,-0.0016477107731887326,-0.05445589001424661,4.225446428571429,4.1321304563492065
deg_on_transmons,0.002825171341063469,-0.10852250823708069,0.1444191485660639,-0.0013418376434098747,-0.054558195252577886,19.034784226190474,19.101376488095237
deg_on_msb,0.006963941428643913,-0.05611712245966509,0.19035971010256011,0.022142730318885404,0.05685594490572269,18.421937003968253,18.19934275793651
roughness,0.02880662331821535,-0.1275099031238032,0.17082191070232317,0.027571874223571616,-0.04464250406091264,0.23939379847582973,0.23657631702065296
minority_on_transmons,0.08426732324032846,0.001178540668985342,0.4351233918009811,0.09413422868821612,0.048633668163671075,0.6961185515873016,0.357452876984127
gs_nsum,0.2053022972930266,-0.33301241566808726,0.35687123444911867,0.23356054443340035,0.0940119937728473,8.12326388888889,7.6648065476190474
n_e1_closer_than_gs,0.22457908666825685,-0.2577560806548585,0.38856461576372175,0.2637683345287717,0.08191399124424122,129.27951388888889,119.70789930555556
gs_dvac,0.24122042214556189,-0.2642007784534809,0.40522081622670314,0.273516517049071,0.10494381135592935,9.430245535714286,8.974144345238095
n_local_min,0.24330707928128115,0.13983627663918377,0.45578137370853394,0.24673526674874008,0.054855798382192164,211.0843253968254,210.31454613095238
gs_n_extreme,0.39868001121815844,0.314190359695534,0.6921455513661483,0.4044323379288874,0.04455149173169489,1.2640749007936507,0.15519593253968253
gs_nmax,0.4013142794830378,0.15103480570520608,0.6076334402507021,0.4189022524182214,0.05439589759398783,6.376240079365079,4.251054067460317
hi_mean_dist_to_gs,0.4050124683100559,0.22320343010438845,0.465032796101959,0.3864472254770632,-0.04017276829995855,6.047141715132003,4.837482470248467
e1_mean_dist_to_gs,0.7038059793934863,0.5233865870822283,0.8760599946510128,0.7123748688591971,0.08199565973579441,7.7388854901101265,5.586060303719354
